QueryNumber;DocNumber;DocVotes
00001;139;1222
00001;151;2211
00001;166;0001
00001;311;0001
00001;370;1010
00001;392;0001
00001;439;0001
00001;440;0011
00001;441;2122
00001;454;0100
00001;461;1121
00001;502;0002
00001;503;1000
00001;505;0001
00001;520;1010
00001;522;0001
00001;526;1011
00001;527;1001
00001;533;2222
00001;593;1000
00001;619;0001
00001;737;0100
00001;742;0100
00001;789;0001
00001;827;0010
00001;835;0001
00001;861;0001
00001;875;1121
00001;891;0001
00001;921;1010
00001;922;1010
00001;1175;0100
00001;1185;0001
00001;1222;0001
00002;169;1000
00002;434;1001
00002;454;0100
00002;498;1000
00002;499;1000
00002;592;0002
00002;875;1011
00003;23;1000
00003;40;0010
00003;139;2122
00003;190;0001
00003;221;0001
00003;246;0001
00003;309;1000
00003;311;0011
00003;325;0001
00003;345;0010
00003;347;0010
00003;356;0010
00003;370;1001
00003;374;0001
00003;375;2221
00003;439;0001
00003;440;1120
00003;454;1220
00003;515;1000
00003;520;0010
00003;524;0010
00003;526;1010
00003;527;1220
00003;533;0001
00003;535;0010
00003;560;0010
00003;561;0001
00003;571;0010
00003;584;0010
00003;604;0002
00003;623;0010
00003;633;2222
00003;733;1000
00003;742;1010
00003;854;0100
00003;856;2112
00003;950;0010
00003;967;0001
00003;1144;1111
00003;1161;0001
00003;1172;1000
00003;1175;0001
00003;1196;0002
00004;503;0001
00004;538;0100
00004;539;0100
00004;540;0100
00004;553;0001
00004;604;2222
00004;669;1010
00004;711;2122
00004;876;2222
00005;23;2220
00005;47;2221
00005;50;0001
00005;60;0001
00005;114;0011
00005;132;0001
00005;135;0001
00005;139;0010
00005;151;2222
00005;169;0001
00005;189;0001
00005;190;0001
00005;197;0001
00005;200;0001
00005;226;0001
00005;256;2211
00005;265;0010
00005;297;0001
00005;298;0001
00005;299;0001
00005;311;0001
00005;312;0001
00005;325;1011
00005;333;0001
00005;343;0002
00005;347;0012
00005;349;0001
00005;369;0001
00005;370;1211
00005;371;0001
00005;374;2222
00005;386;1001
00005;392;0001
00005;410;0001
00005;420;0001
00005;427;0001
00005;428;0001
00005;430;1001
00005;434;0001
00005;437;0001
00005;439;2222
00005;440;0010
00005;441;0001
00005;450;0001
00005;461;2120
00005;465;1002
00005;478;0001
00005;496;2120
00005;497;2121
00005;498;1122
00005;499;2122
00005;500;1012
00005;501;0100
00005;502;0100
00005;503;2221
00005;505;0001
00005;511;1101
00005;513;0010
00005;516;1010
00005;520;1000
00005;524;1010
00005;531;0001
00005;533;2211
00005;549;0001
00005;553;1001
00005;559;0001
00005;561;0010
00005;568;0001
00005;590;0001
00005;592;1001
00005;593;2222
00005;604;0002
00005;605;0100
00005;633;2122
00005;669;0010
00005;701;0001
00005;702;1000
00005;710;2212
00005;711;0002
00005;722;0001
00005;724;0002
00005;729;0001
00005;731;0002
00005;733;0002
00005;750;0100
00005;761;0001
00005;763;0001
00005;772;0100
00005;779;0001
00005;788;0001
00005;805;2211
00005;843;0002
00005;845;0001
00005;856;2121
00005;857;1000
00005;861;1212
00005;864;0001
00005;867;0101
00005;875;2222
00005;876;0002
00005;888;0002
00005;889;0002
00005;895;2210
00005;925;0001
00005;935;0001
00005;943;0001
00005;944;0001
00005;975;2112
00005;980;2120
00005;982;0002
00005;990;0002
00005;1000;0002
00005;1019;0001
00005;1038;0001
00005;1040;0001
00005;1064;2220
00005;1076;0001
00005;1080;0001
00005;1088;0001
00005;1091;0001
00005;1092;0002
00005;1093;0002
00005;1098;0001
00005;1144;2111
00005;1156;0001
00005;1175;1120
00005;1185;0001
00005;1188;0001
00005;1196;1000
00005;1223;0001
00005;1226;0001
00006;25;0010
00006;31;2222
00006;90;1000
00006;195;0100
00006;326;0001
00006;370;0110
00006;438;0001
00006;440;0010
00006;441;1000
00006;503;1220
00006;511;0010
00006;586;0001
00006;592;1010
00006;593;1000
00006;722;0001
00006;731;0001
00006;734;0002
00006;805;1000
00006;875;1120
00006;922;0010
00006;963;1000
00006;975;1010
00006;1092;0001
00006;1093;0002
00007;45;0100
00007;53;0001
00007;166;0002
00007;171;0001
00007;256;0101
00007;370;0001
00007;371;2122
00007;386;0001
00007;410;0100
00007;439;0101
00007;535;0001
00007;623;2121
00007;633;0100
00007;634;0100
00007;640;0010
00007;669;0010
00007;831;0100
00007;853;0100
00007;856;2111
00007;857;0100
00007;921;0010
00007;1027;0100
00007;1054;1100
00007;1056;0100
00007;1057;0100
00007;1059;0100
00007;1064;1120
00007;1161;0001
00008;23;2112
00008;169;1000
00008;322;0100
00008;370;1000
00008;386;1000
00008;435;0001
00008;439;1100
00008;463;0001
00008;496;1000
00008;497;0001
00008;498;1000
00008;499;1122
00008;503;0001
00008;605;0001
00008;683;2220
00008;710;1000
00008;750;0010
00008;771;1000
00008;867;1000
00008;875;0001
00008;944;0001
00008;1125;2220
00009;165;1122
00009;174;0001
00009;362;0001
00009;370;0001
00009;414;2222
00009;443;0100
00009;794;2110
00009;992;1010
00009;1040;0001
00009;1115;0102
00010;30;2112
00010;126;1001
00010;157;2222
00010;170;1112
00010;296;1212
00010;301;0001
00010;322;0001
00010;370;1100
00010;413;2222
00010;443;1120
00010;581;2222
00010;676;2122
00010;715;0010
00010;722;0001
00010;728;1101
00010;758;1000
00010;782;1010
00010;835;0010
00010;878;2122
00010;941;1000
00010;1115;1222
00010;1215;0010
00010;1218;2122
00010;1234;0001
00010;1239;1101
00011;36;0001
00011;46;0001
00011;96;2210
00011;186;1000
00011;301;1000
00011;428;1002
00011;518;2110
00011;649;0010
00011;652;0001
00011;659;0010
00011;772;1010
00011;796;2222
00011;798;2212
00011;799;0010
00011;835;1000
00011;837;0001
00011;908;1000
00011;909;2222
00011;991;2222
00011;1119;0100
00011;1178;1000
00011;1226;0002
00012;70;2212
00012;181;0001
00012;443;2120
00012;466;2220
00012;755;0010
00012;918;1000
00012;1115;0001
00013;156;2112
00013;301;1112
00013;314;2222
00013;322;1220
00013;370;0100
00013;443;1120
00013;462;1010
00013;522;0100
00013;643;1000
00013;695;1220
00013;715;0010
00013;719;0010
00013;722;0001
00013;763;0101
00013;764;0001
00013;791;2211
00013;822;0001
00013;900;0100
00013;902;1101
00013;978;1000
00013;1017;0010
00013;1033;0001
00013;1097;0001
00013;1124;0002
00014;5;1100
00014;89;0100
00014;92;0001
00014;131;2212
00014;135;0001
00014;150;2222
00014;156;1000
00014;203;0010
00014;232;0010
00014;233;1122
00014;234;1121
00014;291;0001
00014;297;0001
00014;314;1000
00014;319;0010
00014;344;2112
00014;345;2210
00014;356;0001
00014;367;2210
00014;370;1110
00014;379;0001
00014;405;2112
00014;413;0001
00014;417;1211
00014;419;0002
00014;421;0001
00014;424;0001
00014;462;2212
00014;465;1102
00014;492;1000
00014;584;1001
00014;602;1011
00014;616;2120
00014;635;2122
00014;662;0100
00014;695;0010
00014;719;0011
00014;777;1012
00014;791;2122
00014;809;0010
00014;815;2222
00014;852;2222
00014;889;0001
00014;899;2222
00014;930;0002
00014;941;1011
00014;1000;0001
00014;1008;2220
00014;1013;0011
00014;1100;2222
00014;1117;2220
00014;1124;2122
00014;1135;1002
00014;1206;1000
00014;1234;1001
00015;17;0001
00015;59;2122
00015;63;1000
00015;72;0001
00015;91;0001
00015;95;0001
00015;97;0001
00015;98;0001
00015;99;2112
00015;135;0001
00015;149;1011
00015;174;2220
00015;197;1001
00015;204;2222
00015;205;2212
00015;226;0002
00015;232;0100
00015;238;0001
00015;266;2222
00015;297;0001
00015;301;2122
00015;322;2122
00015;339;2212
00015;350;0001
00015;354;0001
00015;355;2112
00015;364;1112
00015;370;2111
00015;385;2222
00015;398;0011
00015;408;0100
00015;410;1102
00015;413;0100
00015;414;0100
00015;420;0001
00015;422;2222
00015;423;2221
00015;424;0010
00015;426;0001
00015;434;0001
00015;443;2222
00015;474;1120
00015;545;1212
00015;549;2112
00015;550;0001
00015;601;2122
00015;603;0011
00015;611;0001
00015;642;1010
00015;643;0001
00015;657;0001
00015;673;0001
00015;690;2121
00015;700;2212
00015;720;2222
00015;722;1122
00015;724;0001
00015;725;1010
00015;729;0001
00015;731;0001
00015;735;0001
00015;747;1010
00015;752;2212
00015;763;1102
00015;764;1001
00015;767;0001
00015;792;0010
00015;794;1000
00015;816;0001
00015;822;0002
00015;833;0001
00015;837;0001
00015;844;0002
00015;853;1000
00015;854;1101
00015;857;1000
00015;863;1001
00015;870;2222
00015;875;0001
00015;888;0001
00015;889;0001
00015;900;1001
00015;944;1002
00015;990;0002
00015;993;1000
00015;994;1221
00015;1000;1002
00015;1013;1001
00015;1016;1001
00015;1027;0010
00015;1033;0001
00015;1040;0002
00015;1093;0001
00015;1098;0002
00015;1115;0002
00015;1162;0012
00015;1184;2222
00015;1187;0001
00015;1192;2222
00015;1195;0001
00015;1226;0002
00015;1232;0001
00015;1234;0001
00015;1235;2220
00016;5;0001
00016;10;0001
00016;17;0001
00016;36;0010
00016;41;0110
00016;46;1111
00016;69;0002
00016;72;0001
00016;89;2222
00016;92;0010
00016;95;2222
00016;97;1000
00016;98;1000
00016;126;0001
00016;129;2120
00016;130;0001
00016;132;0001
00016;134;1000
00016;135;0012
00016;148;0001
00016;150;1000
00016;168;0001
00016;181;1011
00016;182;2222
00016;186;2122
00016;189;0001
00016;197;1000
00016;202;1000
00016;205;0001
00016;212;0001
00016;225;0001
00016;226;0002
00016;238;0011
00016;240;2210
00016;255;0001
00016;288;0001
00016;290;0001
00016;292;0001
00016;297;0001
00016;298;1001
00016;301;2222
00016;314;2120
00016;320;0001
00016;322;1122
00016;330;0001
00016;331;0001
00016;333;1001
00016;350;0011
00016;357;0001
00016;359;0012
00016;364;2112
00016;370;2112
00016;376;2220
00016;386;0001
00016;396;2222
00016;398;1010
00016;413;0001
00016;421;1000
00016;424;1012
00016;428;1002
00016;434;0010
00016;443;2222
00016;462;0010
00016;466;1222
00016;468;2121
00016;472;0010
00016;473;0001
00016;475;2122
00016;478;0011
00016;489;0001
00016;490;0001
00016;510;0001
00016;512;0010
00016;518;1011
00016;522;2110
00016;550;0012
00016;553;0001
00016;559;0001
00016;581;0001
00016;582;1010
00016;586;0001
00016;594;2220
00016;615;0001
00016;616;0001
00016;641;1012
00016;642;1102
00016;643;0011
00016;649;2122
00016;656;0001
00016;657;1001
00016;658;1001
00016;659;2122
00016;660;1001
00016;662;1001
00016;673;0001
00016;676;0002
00016;708;1000
00016;709;1000
00016;711;0001
00016;715;0001
00016;719;1001
00016;722;1122
00016;723;0001
00016;724;0001
00016;725;0001
00016;727;1222
00016;729;0001
00016;730;0001
00016;731;0002
00016;735;0001
00016;755;1011
00016;756;1111
00016;758;0001
00016;762;0010
00016;763;1102
00016;764;0002
00016;767;0001
00016;770;1100
00016;772;2122
00016;783;1000
00016;791;1001
00016;797;0001
00016;799;2222
00016;809;1000
00016;810;0001
00016;816;0011
00016;822;0002
00016;834;2222
00016;835;0001
00016;837;0001
00016;844;0002
00016;867;0010
00016;870;0001
00016;872;2210
00016;875;0001
00016;882;0002
00016;888;0002
00016;889;0002
00016;893;0001
00016;896;1000
00016;901;2210
00016;902;1010
00016;919;0001
00016;928;1000
00016;932;0001
00016;935;1111
00016;937;1001
00016;938;0001
00016;941;0001
00016;943;0011
00016;944;1001
00016;970;0010
00016;974;0010
00016;984;1010
00016;990;0001
00016;991;1000
00016;993;1122
00016;994;0010
00016;1000;1002
00016;1002;1010
00016;1016;1011
00016;1017;2211
00016;1023;0002
00016;1033;0001
00016;1037;0001
00016;1051;1000
00016;1066;0001
00016;1076;0001
00016;1080;0002
00016;1098;0002
00016;1101;0002
00016;1115;0002
00016;1135;0001
00016;1154;1012
00016;1158;0001
00016;1189;0001
00016;1192;1111
00016;1226;1220
00016;1232;0001
00016;1234;1001
00017;49;2122
00017;89;2120
00017;101;0010
00017;128;0001
00017;132;0001
00017;135;0001
00017;153;0002
00017;189;0001
00017;233;0010
00017;238;0001
00017;297;0001
00017;298;0001
00017;301;0002
00017;330;0001
00017;333;0001
00017;357;1111
00017;359;1102
00017;370;0111
00017;428;1002
00017;443;1100
00017;450;0010
00017;506;0010
00017;643;0011
00017;660;0010
00017;662;2120
00017;688;2221
00017;722;0001
00017;729;0001
00017;730;0011
00017;731;0002
00017;735;0002
00017;791;1122
00017;810;2112
00017;816;0012
00017;837;0001
00017;839;0001
00017;845;0001
00017;882;0002
00017;889;0002
00017;897;1000
00017;937;0001
00017;938;0001
00017;941;1001
00017;944;1001
00017;1000;0001
00017;1023;0001
00017;1040;0001
00017;1069;0001
00017;1080;0001
00017;1088;0002
00017;1101;2221
00017;1103;1120
00017;1115;0001
00017;1187;0001
00017;1234;0001
00018;129;2122
00018;153;0001
00018;205;2120
00018;226;0002
00018;364;0100
00018;370;1010
00018;414;0002
00018;424;1110
00018;443;0010
00018;642;1000
00018;656;1001
00018;657;1010
00018;658;1010
00018;660;1010
00018;725;1110
00018;816;1000
00018;935;1010
00018;993;1110
00018;994;1000
00018;1016;2110
00018;1162;1100
00019;21;2220
00019;49;0001
00019;359;1011
00019;370;1100
00019;398;0001
00019;432;2121
00019;455;0010
00019;487;2222
00019;506;2222
00019;618;2222
00019;626;2222
00019;672;2212
00019;688;2222
00019;693;2222
00019;897;2222
00019;936;0010
00019;944;0001
00019;1000;0001
00019;1049;2221
00019;1103;2222
00019;1129;0001
00019;1205;0001
00020;126;2112
00020;133;0002
00020;153;0002
00020;181;0010
00020;207;2122
00020;208;2122
00020;220;2221
00020;278;2111
00020;283;1100
00020;286;2111
00020;287;2111
00020;288;1100
00020;290;2111
00020;292;2111
00020;370;0110
00020;443;0010
00020;538;2122
00020;539;2111
00020;540;2222
00020;544;2111
00020;604;0100
00020;643;0001
00020;711;1210
00020;715;1011
00020;731;0001
00020;758;2222
00020;767;0100
00020;791;0001
00020;823;2222
00020;824;1001
00020;882;0002
00020;919;1000
00020;924;2222
00020;928;1000
00020;944;0001
00020;962;2222
00020;970;1001
00020;1066;2222
00020;1080;0010
00020;1115;2222
00020;1168;2222
00020;1189;0001
00020;1213;2222
00020;1215;2222
00020;1234;1001
00020;1239;1120
00021;68;2112
00021;97;0002
00021;98;0012
00021;181;0001
00021;251;2112
00021;413;0001
00021;416;0001
00021;434;0001
00021;443;0002
00021;551;0100
00021;615;0001
00021;676;0001
00021;708;2122
00021;709;2222
00021;719;1100
00021;722;0001
00021;751;0001
00021;756;0010
00021;757;0100
00021;932;0001
00021;941;1101
00021;1098;0002
00021;1115;1122
00021;1158;2221
00021;1189;0001
00022;13;2222
00022;39;0012
00022;67;0001
00022;69;0001
00022;104;0001
00022;130;2222
00022;189;0001
00022;197;0001
00022;221;0001
00022;226;0001
00022;237;0101
00022;247;0010
00022;258;2221
00022;262;2112
00022;276;2222
00022;322;0001
00022;325;0001
00022;333;0001
00022;342;0110
00022;343;0101
00022;350;0100
00022;365;0001
00022;370;1012
00022;392;0001
00022;431;1121
00022;464;0001
00022;465;0001
00022;473;1121
00022;478;1121
00022;503;1101
00022;510;0101
00022;512;0110
00022;514;1001
00022;586;0001
00022;590;0011
00022;654;0101
00022;671;1101
00022;682;0001
00022;692;2222
00022;704;2111
00022;713;0001
00022;729;0001
00022;731;0002
00022;735;0001
00022;764;1212
00022;774;0101
00022;788;1011
00022;843;0102
00022;845;0002
00022;871;1001
00022;880;1012
00022;881;0102
00022;882;0002
00022;888;0002
00022;898;2212
00022;908;1111
00022;942;0001
00022;946;0001
00022;968;0100
00022;1000;0002
00022;1033;0001
00022;1040;0001
00022;1083;1122
00022;1093;0001
00022;1114;1002
00022;1144;0100
00022;1156;1111
00022;1166;0110
00022;1194;1121
00022;1195;0001
00023;9;2221
00023;10;2122
00023;11;1100
00023;12;2212
00023;34;2222
00023;42;2222
00023;99;1112
00023;162;1000
00023;163;0001
00023;167;1000
00023;198;1000
00023;248;1000
00023;285;0010
00023;322;0101
00023;350;1001
00023;370;1002
00023;426;2122
00023;434;1212
00023;464;1000
00023;509;2222
00023;541;2222
00023;582;0002
00023;583;1000
00023;598;0002
00023;716;1002
00023;780;1000
00023;859;2120
00023;883;0001
00023;888;1002
00023;979;2222
00023;984;0002
00023;1096;0011
00023;1114;2222
00023;1156;0010
00023;1163;1000
00024;32;1100
00024;72;0001
00024;199;0001
00024;207;0001
00024;210;2220
00024;240;0001
00024;254;2111
00024;331;0001
00024;370;1000
00024;377;0001
00024;411;0001
00024;477;0001
00024;492;0001
00024;522;0001
00024;552;0002
00024;559;0010
00024;611;1001
00024;647;2222
00024;677;0001
00024;724;0002
00024;763;0001
00024;858;0001
00024;913;2222
00024;915;2211
00024;926;2121
00024;934;0001
00024;1000;0001
00024;1031;1011
00024;1109;2222
00024;1195;1121
00024;1232;0001
00025;72;2112
00025;74;2110
00025;83;0111
00025;84;0011
00025;106;1012
00025;112;0001
00025;120;0102
00025;141;0001
00025;162;1001
00025;172;0001
00025;198;1012
00025;221;0001
00025;276;0001
00025;370;1010
00025;390;0010
00025;392;0001
00025;411;2111
00025;415;1000
00025;425;0001
00025;431;2222
00025;432;0002
00025;464;0010
00025;465;1102
00025;503;1121
00025;505;0001
00025;530;0001
00025;550;0001
00025;559;0001
00025;566;1000
00025;568;1000
00025;569;1011
00025;622;0001
00025;647;2122
00025;855;0001
00025;858;2111
00025;875;0001
00025;880;0002
00025;881;1002
00025;891;0001
00025;913;2222
00025;915;0001
00025;926;2121
00025;949;0001
00025;977;1000
00025;1027;0001
00025;1031;1000
00025;1083;0001
00025;1156;0110
00025;1194;1121
00025;1195;1112
00025;1210;0001
00026;74;0110
00026;104;2212
00026;199;2222
00026;221;0001
00026;281;2222
00026;285;2112
00026;328;2111
00026;333;0001
00026;342;2110
00026;343;1100
00026;370;0010
00026;392;0001
00026;431;2222
00026;434;0001
00026;442;0002
00026;465;0001
00026;485;0010
00026;488;0010
00026;490;0001
00026;610;2122
00026;617;2222
00026;665;1112
00026;713;0010
00026;774;0101
00026;807;1122
00026;855;0010
00026;881;0102
00026;942;1101
00026;1061;2222
00026;1144;2222
00026;1166;2211
00026;1194;1121
00026;1195;0001
00027;98;1102
00027;179;0001
00027;599;2222
00027;756;0002
00027;858;0001
00027;905;2122
00027;912;0001
00027;913;1001
00027;1000;0100
00027;1083;0100
00027;1096;0002
00028;134;0001
00028;135;0102
00028;136;0001
00028;215;1112
00028;274;1000
00028;300;0002
00028;322;0002
00028;331;0001
00028;333;0001
00028;343;0001
00028;351;2112
00028;352;2112
00028;370;1112
00028;392;0001
00028;398;0001
00028;465;0001
00028;467;0001
00028;477;2121
00028;510;0001
00028;550;0001
00028;559;0001
00028;586;0001
00028;611;0001
00028;665;0001
00028;722;1012
00028;724;0102
00028;729;0001
00028;735;0001
00028;759;2111
00028;763;0102
00028;822;1212
00028;832;0001
00028;837;0001
00028;875;0001
00028;882;0002
00028;913;0001
00028;937;0001
00028;942;0101
00028;944;0001
00028;969;0001
00028;990;0002
00028;1000;1102
00028;1033;0102
00028;1040;0102
00028;1083;1112
00028;1093;0102
00028;1187;0001
00028;1192;0102
00028;1222;0001
00028;1226;0001
00028;1234;0102
00029;15;1012
00029;100;0001
00029;215;2122
00029;274;2222
00029;300;2212
00029;322;2222
00029;333;0101
00029;343;0001
00029;350;0110
00029;351;2122
00029;352;2122
00029;353;2220
00029;370;1112
00029;385;0001
00029;392;0001
00029;434;0001
00029;442;0001
00029;477;1120
00029;510;0001
00029;553;0001
00029;687;0010
00029;714;1002
00029;722;1012
00029;724;0102
00029;729;0001
00029;759;2212
00029;763;1102
00029;764;1000
00029;788;1000
00029;822;0102
00029;832;1222
00029;837;0001
00029;875;0001
00029;937;0001
00029;942;0101
00029;944;1102
00029;1000;0001
00029;1033;0100
00029;1040;0101
00029;1083;0002
00029;1093;0100
00029;1184;0100
00029;1192;1122
00029;1234;0102
00030;117;0002
00030;328;0101
00030;332;0001
00030;433;2122
00030;492;0001
00030;557;0002
00030;586;2112
00030;687;0010
00030;775;0001
00030;880;2112
00030;881;0001
00030;911;2212
00030;942;1010
00030;1001;0011
00030;1084;0100
00030;1224;1212
00030;1234;0001
00031;43;2222
00031;69;0001
00031;127;1112
00031;128;1000
00031;136;1101
00031;145;0002
00031;168;0101
00031;189;1112
00031;213;0001
00031;226;1122
00031;239;2222
00031;272;0100
00031;330;1111
00031;331;1001
00031;332;2222
00031;359;0100
00031;370;1111
00031;389;1000
00031;433;2222
00031;448;2122
00031;467;2222
00031;512;0100
00031;550;0001
00031;551;0101
00031;557;2222
00031;586;2222
00031;620;1001
00031;628;0111
00031;651;2221
00031;701;1100
00031;722;1001
00031;724;1000
00031;729;0101
00031;735;0100
00031;760;2222
00031;762;1000
00031;764;1000
00031;839;1212
00031;845;2222
00031;882;1112
00031;937;0101
00031;938;1212
00031;940;0101
00031;942;1012
00031;944;0001
00031;999;2222
00031;1000;0101
00031;1020;2122
00031;1022;1222
00031;1036;2112
00031;1040;1102
00031;1084;2222
00031;1093;0002
00031;1187;0101
00031;1224;1120
00031;1232;0001
00031;1233;2222
00031;1234;0102
00032;43;1000
00032;127;0001
00032;128;1000
00032;181;0001
00032;184;2222
00032;189;0002
00032;212;0011
00032;226;0001
00032;239;0011
00032;315;1000
00032;330;0001
00032;331;0001
00032;370;1000
00032;389;1112
00032;433;1121
00032;467;1000
00032;473;0001
00032;489;1000
00032;506;0010
00032;586;1011
00032;722;1122
00032;735;0001
00032;764;0001
00032;882;0001
00032;937;0001
00032;999;1000
00032;1040;0101
00032;1093;0001
00032;1220;0001
00032;1234;1100
00033;37;0101
00033;65;0001
00033;91;2222
00033;94;2220
00033;96;0001
00033;210;2220
00033;225;0012
00033;297;0001
00033;359;1011
00033;370;1212
00033;403;2212
00033;404;0002
00033;413;0002
00033;465;2222
00033;515;0001
00033;612;2222
00033;637;2220
00033;638;2220
00033;663;0001
00033;719;0001
00033;721;2222
00033;731;0001
00033;763;1001
00033;764;0002
00033;773;0001
00033;793;0010
00033;795;1000
00033;797;2210
00033;811;2222
00033;818;2220
00033;822;0001
00033;825;2222
00033;846;0001
00033;882;0001
00033;888;1002
00033;889;0002
00033;916;2222
00033;920;2212
00033;927;2121
00033;978;2110
00033;981;1000
00033;995;1121
00033;996;2222
00033;1000;0100
00033;1023;0001
00033;1052;2222
00033;1072;0001
00033;1098;0001
00033;1105;2222
00033;1113;2222
00033;1122;1112
00033;1123;0112
00033;1183;1122
00033;1186;1222
00033;1189;0011
00033;1215;0010
00033;1234;1222
00034;37;2222
00034;65;2212
00034;76;0011
00034;77;0100
00034;94;0002
00034;135;0001
00034;225;0002
00034;235;0010
00034;236;0010
00034;247;0010
00034;261;2122
00034;277;0010
00034;297;0001
00034;359;0010
00034;403;2221
00034;404;2222
00034;465;2222
00034;471;2221
00034;552;0001
00034;627;0001
00034;637;2222
00034;638;2222
00034;721;2222
00034;773;2211
00034;795;2222
00034;817;2222
00034;818;0001
00034;825;0100
00034;846;2222
00034;916;2221
00034;933;0001
00034;941;0100
00034;944;0001
00034;995;2222
00034;1000;0100
00034;1023;0001
00034;1052;0101
00034;1186;0001
00034;1234;0001
00035;32;1000
00035;120;0100
00035;210;2222
00035;811;1120
00035;825;0100
00035;888;0001
00035;913;2110
00035;915;2120
00035;920;0100
00035;926;0010
00035;948;0010
00035;1105;0001
00035;1109;2222
00035;1119;0001
00036;66;1000
00036;325;0001
00036;370;0002
00036;403;1100
00036;612;2120
00036;721;1000
00036;722;2220
00036;724;0001
00036;1052;2220
00037;3;2112
00037;4;1000
00037;28;2120
00037;33;2222
00037;35;2122
00037;38;2222
00037;65;1001
00037;71;1111
00037;76;1002
00037;116;0001
00037;119;0001
00037;120;1222
00037;131;2222
00037;148;0001
00037;150;0001
00037;158;2222
00037;175;2222
00037;203;2122
00037;220;0001
00037;225;2222
00037;231;0012
00037;233;0010
00037;234;2222
00037;238;0011
00037;247;2112
00037;280;1212
00037;291;0001
00037;294;1000
00037;318;2222
00037;319;2111
00037;333;1012
00037;334;1001
00037;342;0001
00037;345;0001
00037;370;0012
00037;378;2122
00037;379;2222
00037;380;2222
00037;392;0001
00037;403;0001
00037;428;1001
00037;433;1000
00037;443;0001
00037;465;2222
00037;470;2121
00037;476;1122
00037;482;2222
00037;483;2222
00037;491;2222
00037;492;2222
00037;510;0001
00037;512;0001
00037;514;0001
00037;596;0001
00037;600;2222
00037;627;1112
00037;671;0001
00037;697;2222
00037;711;0010
00037;712;2122
00037;717;2222
00037;721;1000
00037;731;0002
00037;774;1011
00037;776;0001
00037;815;2222
00037;817;2122
00037;818;0001
00037;831;2221
00037;835;2122
00037;849;2222
00037;866;1012
00037;871;0012
00037;877;2222
00037;888;0001
00037;930;2122
00037;933;1111
00037;941;1000
00037;942;1211
00037;944;0100
00037;946;2222
00037;991;2212
00037;1008;2222
00037;1011;1011
00037;1014;2222
00037;1028;2222
00037;1080;0001
00037;1126;2222
00037;1128;1222
00037;1130;0001
00037;1131;1122
00037;1133;2222
00037;1135;0111
00037;1174;1222
00037;1176;2222
00037;1178;2122
00037;1182;1222
00037;1234;1212
00038;14;2122
00038;76;0001
00038;117;1010
00038;142;0001
00038;252;0100
00038;360;2212
00038;370;0001
00038;390;2222
00038;392;0001
00038;444;0001
00038;465;1212
00038;503;0001
00038;505;0010
00038;510;0001
00038;572;0010
00038;573;0010
00038;621;0001
00038;622;0002
00038;627;0001
00038;634;2112
00038;644;1121
00038;646;1001
00038;666;1010
00038;702;0002
00038;729;0001
00038;776;0001
00038;786;1000
00038;856;0001
00038;862;0001
00038;866;0100
00038;873;1002
00038;881;1000
00038;882;0002
00038;888;0001
00038;971;1122
00038;990;0002
00038;1001;1000
00038;1024;1001
00038;1027;1000
00038;1029;1000
00038;1059;1000
00038;1066;0001
00038;1068;1222
00038;1072;0001
00038;1075;1000
00038;1130;1222
00038;1136;1222
00038;1140;1122
00038;1146;0011
00038;1148;0011
00038;1160;0011
00038;1230;1000
00038;1234;1210
00039;3;1000
00039;67;0001
00039;74;0001
00039;76;0001
00039;83;2121
00039;84;0001
00039;85;2122
00039;102;1000
00039;107;0001
00039;108;0002
00039;112;0011
00039;135;0001
00039;143;1000
00039;216;2122
00039;217;2122
00039;218;2122
00039;219;2122
00039;221;2122
00039;222;2121
00039;225;2222
00039;226;0001
00039;230;1002
00039;233;0010
00039;235;2122
00039;236;2122
00039;244;0010
00039;248;0010
00039;249;2112
00039;252;1011
00039;254;1010
00039;263;1011
00039;276;0001
00039;277;2122
00039;289;2112
00039;293;2112
00039;297;0001
00039;301;0001
00039;304;1122
00039;306;0001
00039;307;1001
00039;308;0002
00039;338;2122
00039;342;0002
00039;343;0002
00039;356;1101
00039;360;0010
00039;365;0001
00039;366;1000
00039;370;0001
00039;392;0001
00039;404;0002
00039;407;2122
00039;412;2110
00039;420;2112
00039;433;1002
00039;453;1000
00039;465;0002
00039;470;2121
00039;488;0011
00039;490;0001
00039;494;0002
00039;503;0001
00039;505;0012
00039;508;0101
00039;510;1001
00039;529;0012
00039;530;0001
00039;532;0001
00039;534;0011
00039;535;0001
00039;553;1012
00039;560;2122
00039;563;0002
00039;564;1001
00039;565;0001
00039;566;0001
00039;567;1001
00039;568;0001
00039;569;0001
00039;570;0011
00039;571;0011
00039;572;0001
00039;573;1011
00039;576;1000
00039;584;1122
00039;586;0001
00039;608;0011
00039;610;0001
00039;619;2121
00039;621;0001
00039;622;0002
00039;627;0001
00039;639;2221
00039;645;2111
00039;646;1001
00039;647;0010
00039;652;0001
00039;654;2121
00039;702;0002
00039;716;0111
00039;729;0001
00039;738;0002
00039;739;0002
00039;740;0002
00039;744;0001
00039;746;0002
00039;749;0001
00039;776;0001
00039;777;0011
00039;786;0011
00039;845;0001
00039;849;0001
00039;851;2121
00039;862;0001
00039;869;1002
00039;873;1122
00039;881;1001
00039;882;0002
00039;888;0001
00039;889;0001
00039;892;0001
00039;902;0001
00039;918;0002
00039;942;0001
00039;944;0001
00039;949;1002
00039;966;0012
00039;971;2122
00039;990;0002
00039;1001;1001
00039;1026;0001
00039;1027;1001
00039;1029;1001
00039;1044;0001
00039;1066;0001
00039;1070;0001
00039;1072;0001
00039;1076;0001
00039;1096;0100
00039;1127;1011
00039;1135;0001
00039;1136;1000
00039;1137;1221
00039;1139;1222
00039;1140;0010
00039;1141;1122
00039;1146;0011
00039;1148;0011
00039;1160;0010
00039;1161;0001
00039;1185;0001
00039;1194;0001
00039;1209;0001
00039;1210;0001
00039;1211;1002
00039;1222;0001
00039;1224;0001
00039;1225;1112
00039;1230;1002
00039;1234;1211
00039;1236;0001
00039;1238;0002
00040;2;0100
00040;3;2122
00040;4;2122
00040;5;0100
00040;9;0001
00040;10;0001
00040;17;0001
00040;28;2212
00040;32;0001
00040;35;0100
00040;76;0001
00040;77;1122
00040;95;2110
00040;103;0010
00040;105;0010
00040;108;0010
00040;109;1010
00040;112;0010
00040;115;0010
00040;116;1122
00040;119;1001
00040;120;0001
00040;132;0001
00040;142;0001
00040;144;0001
00040;150;0102
00040;151;0002
00040;169;1000
00040;173;0001
00040;189;0001
00040;198;0010
00040;210;0001
00040;225;2122
00040;231;2122
00040;233;2222
00040;235;0010
00040;236;0010
00040;240;2110
00040;248;1000
00040;249;0010
00040;252;1002
00040;254;1122
00040;261;0010
00040;263;0001
00040;277;1122
00040;279;0010
00040;289;0010
00040;291;0001
00040;293;0011
00040;294;1011
00040;297;0001
00040;298;0001
00040;304;0010
00040;308;0010
00040;333;0001
00040;338;0001
00040;344;0011
00040;345;0001
00040;351;1000
00040;352;1000
00040;370;1001
00040;392;0001
00040;404;2122
00040;405;2122
00040;407;0010
00040;413;0001
00040;417;0102
00040;420;0012
00040;434;0001
00040;465;2222
00040;478;0001
00040;479;2111
00040;508;0002
00040;510;0010
00040;515;0001
00040;526;0010
00040;529;0010
00040;532;0010
00040;535;0001
00040;553;0010
00040;560;1010
00040;571;0010
00040;572;0010
00040;573;1010
00040;576;1000
00040;583;0001
00040;613;0001
00040;616;0001
00040;619;0010
00040;645;0010
00040;646;0010
00040;654;0010
00040;673;0001
00040;677;0001
00040;731;0001
00040;735;0001
00040;763;0001
00040;780;0010
00040;785;2122
00040;786;2122
00040;815;1221
00040;849;0100
00040;851;0001
00040;852;0001
00040;869;1000
00040;882;0001
00040;888;0100
00040;899;1210
00040;931;0010
00040;941;1111
00040;942;0001
00040;949;1000
00040;954;0101
00040;956;0100
00040;959;0100
00040;1000;0001
00040;1008;1222
00040;1024;1000
00040;1027;0001
00040;1029;0001
00040;1052;0011
00040;1080;0101
00040;1100;1212
00040;1105;0002
00040;1109;0010
00040;1117;1212
00040;1124;2210
00040;1126;0010
00040;1127;0012
00040;1128;0010
00040;1130;0001
00040;1131;0002
00040;1132;0001
00040;1133;0011
00040;1135;1122
00040;1137;1121
00040;1139;1220
00040;1141;1120
00040;1146;0010
00040;1148;0010
00040;1160;0011
00040;1161;0010
00040;1192;0001
00040;1193;1121
00040;1230;1120
00040;1234;2222
00041;46;0100
00041;296;0100
00041;301;0100
00041;322;0010
00041;370;0100
00041;392;1000
00041;603;2221
00041;941;0001
00041;998;1010
00041;1106;2222
00041;1107;2222
00041;1108;2222
00041;1115;1122
00041;1184;0010
00041;1190;2222
00042;5;0001
00042;46;0100
00042;57;2222
00042;92;2212
00042;135;0001
00042;209;2222
00042;245;1011
00042;297;0001
00042;301;1112
00042;314;0100
00042;317;2222
00042;322;0001
00042;337;1212
00042;339;0100
00042;370;0011
00042;416;2212
00042;434;0001
00042;443;2220
00042;489;0001
00042;505;2221
00042;509;1000
00042;550;0001
00042;585;2222
00042;586;0001
00042;601;0001
00042;695;2222
00042;719;0001
00042;722;0002
00042;724;0001
00042;731;0001
00042;763;0001
00042;764;0001
00042;770;0001
00042;822;0001
00042;837;0001
00042;888;0001
00042;931;1011
00042;944;0001
00042;1000;0001
00042;1033;0001
00042;1040;0001
00042;1085;1011
00042;1093;0001
00042;1187;0001
00042;1192;0001
00042;1232;0001
00042;1234;1001
00043;3;0100
00043;4;0100
00043;28;0100
00043;54;1121
00043;65;0100
00043;66;2221
00043;91;0100
00043;94;0100
00043;119;0012
00043;124;1212
00043;125;2222
00043;135;0001
00043;137;0002
00043;140;2222
00043;147;0010
00043;172;2222
00043;173;1220
00043;199;0001
00043;221;0001
00043;261;1100
00043;294;0100
00043;301;0001
00043;302;1100
00043;303;2120
00043;307;0001
00043;308;0100
00043;311;0100
00043;324;0100
00043;334;0100
00043;361;0100
00043;370;1112
00043;386;1000
00043;392;0011
00043;404;0100
00043;418;2212
00043;430;0001
00043;440;2222
00043;441;2222
00043;461;1210
00043;471;0001
00043;484;0110
00043;490;0001
00043;493;0001
00043;504;2222
00043;505;0001
00043;522;0101
00043;526;1100
00043;527;0100
00043;560;0100
00043;562;0100
00043;563;0001
00043;568;2222
00043;570;0001
00043;571;0001
00043;575;0001
00043;636;1000
00043;655;0010
00043;693;0001
00043;694;0100
00043;707;0001
00043;714;1100
00043;733;0001
00043;737;0001
00043;741;0001
00043;758;0001
00043;793;0100
00043;795;0100
00043;817;0100
00043;818;0100
00043;864;0001
00043;889;0001
00043;891;0011
00043;913;0100
00043;916;0100
00043;918;1011
00043;921;1102
00043;944;0001
00043;958;1002
00043;960;2222
00043;966;1001
00043;967;1001
00043;975;0002
00043;982;0001
00043;997;0010
00043;1000;0002
00043;1080;0001
00043;1093;0001
00043;1094;0001
00043;1121;0001
00043;1156;0001
00043;1167;0011
00043;1172;0011
00043;1184;0010
00043;1185;0001
00043;1199;1002
00043;1200;2211
00043;1209;0001
00043;1216;0010
00044;44;2222
00044;45;1000
00044;53;2222
00044;67;1211
00044;72;2112
00044;74;2222
00044;83;1001
00044;84;1112
00044;106;1001
00044;108;1000
00044;118;1000
00044;121;1000
00044;122;0011
00044;124;2222
00044;125;0100
00044;135;0001
00044;138;0002
00044;142;0010
00044;143;2212
00044;154;2212
00044;166;1000
00044;171;2212
00044;172;1000
00044;190;2222
00044;235;2210
00044;236;2211
00044;242;2210
00044;243;2210
00044;244;2220
00044;257;1001
00044;264;2110
00044;269;2212
00044;276;0001
00044;297;0001
00044;310;0100
00044;312;2222
00044;325;1111
00044;336;2111
00044;360;1001
00044;370;1000
00044;371;0001
00044;381;0001
00044;386;2212
00044;390;2212
00044;392;0001
00044;399;1211
00044;409;0001
00044;411;2222
00044;415;2120
00044;430;1001
00044;435;0001
00044;436;2220
00044;453;2222
00044;465;0001
00044;493;0101
00044;495;2222
00044;503;0001
00044;504;2222
00044;523;1001
00044;528;2212
00044;538;0001
00044;548;2222
00044;561;2212
00044;563;0001
00044;566;2222
00044;567;2222
00044;568;2222
00044;569;2220
00044;570;1120
00044;572;1210
00044;574;2222
00044;575;2222
00044;576;0010
00044;590;0001
00044;608;0001
00044;621;2222
00044;622;2222
00044;623;2222
00044;624;2212
00044;625;2222
00044;634;2222
00044;636;2222
00044;645;0101
00044;647;1212
00044;655;2222
00044;666;1211
00044;691;2222
00044;702;2222
00044;737;2222
00044;743;2222
00044;747;0001
00044;750;2222
00044;765;2222
00044;766;2222
00044;767;0001
00044;786;2222
00044;840;2222
00044;841;1101
00044;847;2222
00044;850;2222
00044;856;0001
00044;858;2121
00044;862;0001
00044;873;2222
00044;875;0001
00044;951;2222
00044;953;2222
00044;961;1000
00044;967;2222
00044;971;1221
00044;973;2222
00044;1024;2222
00044;1029;2222
00044;1030;2222
00044;1053;2222
00044;1054;0001
00044;1055;2222
00044;1057;1012
00044;1059;2222
00044;1070;0001
00044;1072;1212
00044;1130;0002
00044;1136;0001
00044;1139;0001
00044;1142;1002
00044;1144;0001
00044;1146;1220
00044;1148;1222
00044;1156;1221
00044;1157;0001
00044;1160;2122
00044;1185;2221
00044;1196;0001
00044;1201;2222
00044;1202;2222
00044;1210;0001
00044;1212;0001
00044;1222;2222
00044;1230;2211
00044;1231;1101
00045;278;0100
00045;283;0100
00045;286;0100
00045;287;0101
00045;288;0100
00045;289;1220
00045;290;1110
00045;292;2210
00045;293;1220
00045;338;1212
00045;538;2210
00045;540;1000
00045;715;0100
00045;758;1010
00045;803;2212
00045;919;2212
00045;924;2212
00045;1050;0010
00045;1159;2222
00045;1168;0010
00046;51;2222
00046;53;2222
00046;370;0010
00046;410;0011
00046;430;0001
00046;500;0100
00046;503;2221
00046;516;2111
00046;553;1002
00046;568;1000
00046;623;0010
00046;702;2122
00046;737;2222
00046;854;1111
00046;856;2111
00046;857;0002
00046;1196;0001
00046;1212;1121
00047;15;0002
00047;57;1000
00047;92;2220
00047;118;0010
00047;121;0010
00047;125;0001
00047;163;2222
00047;165;0002
00047;172;0012
00047;183;0010
00047;208;0001
00047;209;2220
00047;245;1000
00047;259;0010
00047;278;0010
00047;279;0010
00047;283;0010
00047;286;0010
00047;287;0010
00047;295;2211
00047;296;0100
00047;301;1210
00047;302;0100
00047;317;2220
00047;337;1000
00047;361;1000
00047;370;1000
00047;406;2212
00047;416;1000
00047;436;0001
00047;505;2221
00047;508;2210
00047;525;0010
00047;585;2220
00047;613;2210
00047;684;2222
00047;694;2212
00047;695;2210
00047;707;0110
00047;781;0001
00047;862;0010
00047;868;0010
00047;906;2221
00047;928;0010
00047;931;1000
00047;971;0100
00047;998;1010
00047;1000;1001
00047;1013;1000
00047;1058;2220
00047;1075;0010
00047;1106;1000
00047;1107;1000
00047;1108;1000
00047;1129;0010
00047;1132;0010
00047;1165;2222
00047;1192;1000
00047;1194;0010
00047;1206;0010
00048;44;0110
00048;72;0100
00048;74;0100
00048;124;2220
00048;143;0002
00048;154;2222
00048;190;0010
00048;257;0011
00048;312;0100
00048;336;2222
00048;386;0100
00048;422;0001
00048;436;2222
00048;453;2222
00048;493;0101
00048;495;2220
00048;523;2220
00048;548;2220
00048;566;1000
00048;568;2222
00048;576;2222
00048;691;0001
00048;765;0010
00048;766;0010
00048;786;0010
00048;850;2222
00048;967;0011
00048;1142;2220
00048;1201;0001
00048;1231;2122
00049;72;0100
00049;84;0010
00049;138;2222
00049;143;2222
00049;230;2220
00049;313;2222
00049;370;0010
00049;392;1010
00049;393;2220
00049;430;0010
00049;436;2222
00049;440;1000
00049;465;0001
00049;493;2222
00049;503;0001
00049;504;1222
00049;505;0001
00049;523;2220
00049;530;0001
00049;553;0010
00049;562;2220
00049;563;2220
00049;566;1000
00049;568;1212
00049;570;1001
00049;586;0001
00049;608;0001
00049;624;2222
00049;625;1221
00049;691;2220
00049;726;0100
00049;743;2220
00049;749;0011
00049;953;1222
00049;972;2222
00049;1198;2222
00050;44;0100
00050;259;2222
00050;309;0100
00050;347;0001
00050;435;2222
00050;440;1001
00050;495;2222
00050;505;0001
00050;543;0100
00050;548;2222
00050;568;1001
00050;570;0001
00050;575;0001
00050;601;0001
00050;634;0001
00050;829;0001
00050;848;2222
00050;953;1222
00050;961;2222
00050;973;1220
00050;1058;0100
00050;1156;1121
00050;1157;2222
00050;1159;1121
00050;1160;0001
00051;1;0100
00051;11;0100
00051;14;0100
00051;18;1120
00051;19;1210
00051;26;2221
00051;44;1120
00051;51;0100
00051;55;0100
00051;62;0100
00051;63;0100
00051;66;0001
00051;67;1112
00051;72;1112
00051;83;0001
00051;84;1112
00051;85;2222
00051;102;1100
00051;107;1102
00051;108;0001
00051;112;2212
00051;114;2211
00051;122;2222
00051;124;0002
00051;135;0001
00051;137;2221
00051;141;2222
00051;142;2212
00051;177;0001
00051;190;0001
00051;191;2121
00051;196;0011
00051;200;0001
00051;201;2222
00051;214;2222
00051;216;0100
00051;217;0100
00051;218;0100
00051;219;0100
00051;221;0100
00051;222;0100
00051;225;2222
00051;230;0001
00051;235;2212
00051;236;2211
00051;245;0100
00051;249;2222
00051;252;0100
00051;254;2111
00051;263;0100
00051;264;1100
00051;270;2212
00051;276;0001
00051;277;2210
00051;279;0012
00051;281;0011
00051;289;0100
00051;297;1001
00051;302;2212
00051;303;2212
00051;304;2221
00051;305;2212
00051;306;2222
00051;307;0102
00051;308;2111
00051;311;0001
00051;322;0001
00051;325;1211
00051;333;1101
00051;337;1001
00051;343;0001
00051;345;0100
00051;355;0100
00051;360;1002
00051;365;1212
00051;366;1211
00051;370;1112
00051;382;0001
00051;383;1012
00051;386;1222
00051;391;0011
00051;392;1122
00051;400;2112
00051;402;0001
00051;407;2221
00051;415;1101
00051;417;0002
00051;418;1211
00051;419;2111
00051;430;1011
00051;435;0001
00051;437;0001
00051;440;0001
00051;442;2122
00051;444;2222
00051;445;2222
00051;465;1222
00051;481;2222
00051;484;2211
00051;488;0001
00051;490;2222
00051;493;0101
00051;494;2122
00051;495;0001
00051;498;1122
00051;501;2221
00051;502;0001
00051;503;0011
00051;504;2222
00051;505;0001
00051;510;0001
00051;511;1011
00051;517;0011
00051;521;1210
00051;526;0001
00051;528;2211
00051;529;2211
00051;530;2211
00051;531;2211
00051;532;2221
00051;534;2211
00051;535;2222
00051;548;0001
00051;553;2211
00051;560;2222
00051;562;0102
00051;563;2211
00051;564;2222
00051;565;2222
00051;566;2221
00051;568;1222
00051;569;2222
00051;570;1222
00051;571;1000
00051;572;2222
00051;573;2222
00051;574;2222
00051;575;2222
00051;576;0001
00051;589;0010
00051;590;0101
00051;605;1122
00051;608;1222
00051;625;0001
00051;627;0001
00051;636;1002
00051;639;1100
00051;643;0001
00051;646;2222
00051;675;1100
00051;681;2112
00051;685;2222
00051;707;1000
00051;726;2222
00051;733;0001
00051;737;0010
00051;738;2222
00051;739;2222
00051;740;2222
00051;741;2222
00051;744;2222
00051;745;0001
00051;746;2222
00051;747;0001
00051;748;2222
00051;749;2222
00051;779;1001
00051;789;2210
00051;790;0100
00051;793;0001
00051;827;2222
00051;828;0100
00051;829;2211
00051;847;0001
00051;852;0100
00051;856;0101
00051;857;0100
00051;858;0001
00051;861;0001
00051;864;1211
00051;865;0002
00051;866;0001
00051;868;1000
00051;869;2112
00051;875;0001
00051;881;0001
00051;889;0001
00051;891;1001
00051;892;2212
00051;905;0001
00051;918;2222
00051;921;2222
00051;925;1001
00051;926;1000
00051;933;0001
00051;936;0100
00051;949;2222
00051;950;2222
00051;954;1220
00051;956;1001
00051;957;2222
00051;958;2211
00051;966;2221
00051;990;0001
00051;991;0001
00051;1001;0001
00051;1024;1210
00051;1026;2222
00051;1027;0100
00051;1044;1221
00051;1057;0100
00051;1065;0001
00051;1070;1100
00051;1074;0102
00051;1076;2222
00051;1079;0001
00051;1091;0002
00051;1120;1112
00051;1127;0100
00051;1135;0100
00051;1137;0100
00051;1139;0100
00051;1141;0100
00051;1156;1221
00051;1167;1222
00051;1196;1211
00051;1198;0001
00051;1199;1000
00051;1200;2221
00051;1202;0010
00051;1203;2122
00051;1204;2221
00051;1207;2122
00051;1208;2222
00051;1209;2222
00051;1210;1121
00051;1211;1222
00051;1212;2122
00051;1234;0002
00051;1236;1222
00051;1238;1220
00052;406;2222
00052;505;0010
00053;1;1000
00053;11;0002
00053;55;1000
00053;81;1000
00053;160;0001
00053;188;1000
00053;223;1000
00053;228;1000
00053;347;1100
00053;370;0010
00053;401;2210
00053;432;1212
00053;447;2220
00053;505;1000
00053;509;1000
00053;577;1110
00053;590;1010
00053;767;1001
00053;917;0100
00053;987;2221
00053;1170;1210
00053;1228;0111
00053;1229;0111
00054;11;2222
00054;23;0100
00054;55;1010
00054;187;1011
00054;206;0100
00054;211;2222
00054;223;1122
00054;228;2222
00054;229;2222
00054;333;0011
00054;341;0012
00054;347;0012
00054;358;2222
00054;369;2121
00054;382;2222
00054;394;2120
00054;401;2111
00054;402;2122
00054;432;2222
00054;485;2121
00054;488;2120
00054;505;0011
00054;513;1002
00054;547;0001
00054;550;0001
00054;552;0101
00054;577;2110
00054;590;0011
00054;607;0100
00054;613;1000
00054;626;0101
00054;631;2212
00054;632;1122
00054;716;1101
00054;767;1001
00054;771;0100
00054;790;0001
00054;793;0001
00054;806;0001
00054;812;2122
00054;819;2222
00054;860;0002
00054;904;2212
00054;905;0100
00054;917;2210
00054;941;1001
00054;964;2222
00054;990;1001
00054;1003;0002
00054;1005;2221
00054;1007;2122
00054;1013;1001
00054;1048;2122
00054;1060;2222
00054;1099;0100
00054;1134;2112
00054;1163;2212
00054;1164;0112
00054;1169;1222
00054;1171;0100
00054;1192;0001
00054;1237;0100
00055;70;0100
00055;232;1100
00055;305;0100
00055;347;1000
00055;358;0002
00055;391;2110
00055;430;0001
00055;432;2122
00055;463;1100
00055;505;1001
00055;521;2222
00055;530;2122
00055;640;1010
00055;675;1000
00055;749;0010
00055;779;1010
00055;820;1122
00055;828;1210
00055;847;0010
00055;890;1001
00055;1056;1000
00055;1070;1100
00055;1156;0001
00055;1205;2110
00056;55;1000
00056;89;0110
00056;123;0001
00056;135;0001
00056;181;1012
00056;185;1001
00056;212;1012
00056;288;0110
00056;290;0110
00056;292;0110
00056;414;0100
00056;424;0100
00056;432;0100
00056;443;0100
00056;450;0002
00056;758;0100
00056;767;2222
00056;783;1000
00056;794;0100
00056;919;0100
00056;924;0100
00056;925;0100
00056;928;0100
00056;970;0100
00056;972;0100
00056;1066;0100
00056;1091;0012
00056;1093;0001
00056;1102;0100
00056;1115;0100
00056;1234;0001
00056;1239;0100
00057;1;1222
00057;6;0001
00057;8;0100
00057;11;0001
00057;62;0010
00057;79;0100
00057;80;0010
00057;81;0010
00057;160;1001
00057;177;0100
00057;178;1110
00057;188;1010
00057;200;0100
00057;223;2211
00057;228;1000
00057;282;0012
00057;346;2120
00057;369;1000
00057;370;1110
00057;394;1220
00057;397;0100
00057;415;1000
00057;432;2120
00057;447;0100
00057;513;1000
00057;577;0010
00057;588;2220
00057;590;2222
00057;668;0010
00057;778;1210
00057;784;1000
00057;790;2220
00057;812;0101
00057;833;1000
00057;860;1120
00057;865;2110
00057;890;0101
00057;905;1210
00057;983;1220
00057;986;1120
00057;987;1121
00057;988;2220
00057;989;1010
00057;1086;0100
00057;1090;0100
00057;1091;0011
00057;1095;2110
00057;1170;0002
00057;1171;0002
00057;1173;1120
00057;1203;1100
00058;1;2222
00058;6;2222
00058;7;2222
00058;43;0100
00058;48;1010
00058;55;2210
00058;60;0100
00058;62;2112
00058;63;2110
00058;80;2212
00058;81;0002
00058;82;2210
00058;102;0001
00058;111;0010
00058;160;2222
00058;164;0001
00058;178;2122
00058;179;2110
00058;187;2120
00058;188;2121
00058;200;1002
00058;223;2221
00058;228;2120
00058;229;1220
00058;271;2210
00058;282;1001
00058;335;1001
00058;346;2122
00058;347;2121
00058;366;0010
00058;369;2220
00058;370;1100
00058;384;1000
00058;392;0010
00058;394;2211
00058;397;0100
00058;402;0001
00058;415;1001
00058;427;0001
00058;429;0100
00058;432;2122
00058;447;2122
00058;457;0001
00058;463;0010
00058;485;0001
00058;505;1120
00058;511;0100
00058;513;0111
00058;517;0010
00058;550;0001
00058;577;2122
00058;588;2122
00058;589;2110
00058;590;2222
00058;591;2222
00058;609;0010
00058;614;2121
00058;631;2120
00058;668;1021
00058;748;0010
00058;749;0010
00058;769;1121
00058;778;2212
00058;784;1002
00058;790;2222
00058;805;0001
00058;812;2212
00058;820;0001
00058;860;2222
00058;865;2122
00058;874;1112
00058;890;2122
00058;903;0110
00058;905;2220
00058;912;0001
00058;917;2211
00058;964;0100
00058;983;2222
00058;986;2222
00058;987;2222
00058;988;2222
00058;989;2222
00058;990;0001
00058;1005;0001
00058;1025;1100
00058;1077;2220
00058;1086;0100
00058;1090;0100
00058;1091;0011
00058;1134;0002
00058;1170;2221
00058;1171;1122
00058;1173;2222
00058;1228;1000
00058;1234;0001
00059;1;0002
00059;6;0001
00059;11;0001
00059;18;0101
00059;45;0010
00059;48;0112
00059;55;2222
00059;62;0002
00059;63;0002
00059;67;0001
00059;79;1000
00059;80;0002
00059;81;1002
00059;84;1012
00059;102;2111
00059;107;1012
00059;110;0001
00059;111;0100
00059;122;1100
00059;160;0101
00059;164;0001
00059;166;0110
00059;177;0001
00059;179;0001
00059;187;0002
00059;188;0001
00059;191;1102
00059;200;0001
00059;214;2111
00059;223;2222
00059;228;1112
00059;229;1222
00059;245;0010
00059;275;1011
00059;279;2111
00059;281;0001
00059;284;2112
00059;306;0001
00059;333;0001
00059;335;0111
00059;346;0101
00059;347;1002
00059;365;2111
00059;366;2111
00059;369;0001
00059;370;1011
00059;382;0001
00059;386;1001
00059;392;0011
00059;394;2212
00059;397;2121
00059;401;2122
00059;402;2222
00059;415;0002
00059;425;0010
00059;427;0001
00059;430;0001
00059;432;2122
00059;442;0001
00059;444;0001
00059;447;0002
00059;452;0001
00059;465;0001
00059;485;1001
00059;504;0001
00059;505;1122
00059;509;2112
00059;513;1112
00059;521;0002
00059;524;0001
00059;530;0002
00059;565;1121
00059;572;1011
00059;574;1011
00059;577;2222
00059;588;0112
00059;590;1012
00059;591;0002
00059;607;0001
00059;608;1220
00059;609;0100
00059;614;0002
00059;631;0101
00059;668;2222
00059;670;1122
00059;678;0001
00059;679;0001
00059;685;0010
00059;689;2111
00059;738;0001
00059;748;0001
00059;767;2212
00059;769;0001
00059;778;0101
00059;784;2122
00059;790;2120
00059;812;2222
00059;820;0001
00059;827;1001
00059;828;0001
00059;833;2121
00059;860;0102
00059;865;2122
00059;869;0100
00059;874;0102
00059;882;0001
00059;903;1111
00059;905;2221
00059;912;0001
00059;917;0101
00059;936;2112
00059;937;0001
00059;964;0100
00059;977;0010
00059;983;0102
00059;986;0102
00059;987;0002
00059;988;0102
00059;989;2222
00059;990;0001
00059;1005;0001
00059;1007;0001
00059;1025;2121
00059;1044;1100
00059;1056;0010
00059;1060;0012
00059;1071;0001
00059;1074;2122
00059;1075;0001
00059;1077;2222
00059;1091;0011
00059;1095;1122
00059;1097;0001
00059;1102;2121
00059;1134;0002
00059;1143;0010
00059;1163;1121
00059;1170;0001
00059;1171;1112
00059;1172;0012
00059;1173;1210
00059;1203;1000
00059;1205;1111
00059;1228;0002
00059;1232;0001
00060;17;0101
00060;87;0100
00060;100;2222
00060;155;1220
00060;241;2112
00060;267;0111
00060;322;1210
00060;340;0002
00060;348;2222
00060;354;1000
00060;370;1000
00060;446;2220
00060;519;1010
00060;550;1000
00060;587;2120
00060;597;2120
00060;653;1010
00060;698;2122
00060;722;0001
00060;724;0001
00060;751;0010
00060;764;0001
00060;990;1002
00060;1000;0001
00060;1004;2222
00060;1040;0001
00060;1041;1110
00060;1043;1110
00060;1046;0002
00060;1047;1110
00060;1104;0001
00060;1110;0012
00060;1192;1100
00060;1194;0001
00061;10;1010
00061;56;0001
00061;62;0100
00061;63;0100
00061;114;0100
00061;132;0001
00061;187;0001
00061;195;2222
00061;196;2222
00061;197;0100
00061;200;0002
00061;226;0001
00061;298;0001
00061;347;0001
00061;358;0100
00061;370;1012
00061;383;2222
00061;427;0001
00061;432;1002
00061;434;0001
00061;437;2222
00061;439;0100
00061;465;0112
00061;481;1101
00061;490;1120
00061;498;0102
00061;500;0100
00061;501;2222
00061;502;2222
00061;505;2222
00061;511;1001
00061;517;0001
00061;531;2121
00061;532;0010
00061;535;0010
00061;565;0010
00061;570;1001
00061;590;1001
00061;605;2222
00061;668;0001
00061;685;2222
00061;726;0010
00061;735;0001
00061;738;0010
00061;739;0010
00061;741;0010
00061;754;2212
00061;763;0001
00061;767;0001
00061;827;0100
00061;847;0010
00061;864;0001
00061;865;0001
00061;875;0100
00061;882;0002
00061;912;0001
00061;944;0001
00061;969;2122
00061;980;0100
00061;990;0002
00061;1040;0001
00061;1079;1122
00061;1092;0002
00061;1093;0002
00061;1098;0001
00061;1188;0001
00061;1207;0010
00061;1208;0010
00061;1234;0001
00061;1236;0001
00062;10;0001
00062;17;2211
00062;24;0001
00062;43;0100
00062;56;1010
00062;60;0010
00062;62;0100
00062;63;1101
00062;64;1220
00062;69;1000
00062;72;0001
00062;88;0010
00062;94;0001
00062;110;0100
00062;144;1001
00062;148;2222
00062;155;2111
00062;160;0001
00062;182;0100
00062;192;2210
00062;193;2211
00062;194;2210
00062;197;1110
00062;200;1001
00062;211;0100
00062;224;0100
00062;226;1112
00062;237;0001
00062;238;0011
00062;244;1000
00062;267;0002
00062;297;1001
00062;321;1000
00062;322;0001
00062;330;1000
00062;331;1011
00062;333;1001
00062;340;1000
00062;348;1002
00062;349;1000
00062;354;1001
00062;358;1000
00062;359;0012
00062;370;2212
00062;372;1000
00062;382;1001
00062;383;1000
00062;427;1000
00062;429;1000
00062;434;0001
00062;437;2220
00062;438;2221
00062;446;1000
00062;458;0100
00062;459;0100
00062;460;0100
00062;465;0100
00062;472;1000
00062;473;1210
00062;479;0100
00062;486;0010
00062;505;0100
00062;537;1000
00062;539;0100
00062;550;2112
00062;551;0001
00062;558;1010
00062;559;0001
00062;580;0001
00062;586;0001
00062;590;0010
00062;607;2220
00062;643;0001
00062;663;1010
00062;677;0010
00062;698;1101
00062;703;1100
00062;704;0001
00062;722;1122
00062;724;1002
00062;729;0001
00062;731;0001
00062;734;1000
00062;735;0001
00062;736;1120
00062;761;1001
00062;763;1102
00062;764;1001
00062;767;0001
00062;768;1011
00062;783;0010
00062;787;1000
00062;803;0111
00062;804;0100
00062;806;2122
00062;819;1000
00062;821;0001
00062;822;0002
00062;837;1120
00062;842;2221
00062;843;0001
00062;844;0002
00062;845;0002
00062;870;0001
00062;879;1000
00062;880;0001
00062;882;1002
00062;885;1000
00062;886;1000
00062;888;1002
00062;889;0002
00062;904;1101
00062;907;2110
00062;912;1000
00062;913;1000
00062;914;0100
00062;920;0001
00062;937;1000
00062;941;1011
00062;944;1000
00062;945;0001
00062;964;1000
00062;969;0100
00062;990;1002
00062;1000;1002
00062;1022;0001
00062;1023;1002
00062;1032;1000
00062;1033;0001
00062;1038;1000
00062;1039;1000
00062;1040;0002
00062;1042;0001
00062;1071;1000
00062;1073;2122
00062;1080;0002
00062;1093;0001
00062;1104;0001
00062;1151;1121
00062;1192;0001
00062;1195;1000
00062;1214;1210
00062;1232;0001
00062;1234;0101
00063;1;0001
00063;23;0100
00063;62;0100
00063;63;0100
00063;166;0001
00063;322;1010
00063;347;2220
00063;370;0010
00063;374;0100
00063;429;2222
00063;434;2110
00063;437;0100
00063;438;0001
00063;463;2222
00063;490;0100
00063;499;2220
00063;500;0100
00063;501;0100
00063;502;0100
00063;505;0100
00063;592;1100
00063;669;0100
00063;698;1000
00063;704;0001
00063;724;0001
00063;763;0001
00063;803;0100
00063;805;0101
00063;821;0010
00063;922;1000
00063;976;2210
00063;980;0100
00063;1040;0001
00063;1091;0010
00063;1155;2222
00063;1171;2110
00063;1192;1210
00063;1228;2120
00063;1229;2120
00064;17;0012
00064;20;0002
00064;22;2222
00064;24;0001
00064;64;1211
00064;144;0101
00064;148;0101
00064;155;0001
00064;160;0001
00064;197;0101
00064;227;0100
00064;267;0001
00064;322;0001
00064;331;0001
00064;349;1000
00064;358;1000
00064;370;1110
00064;372;2222
00064;382;0001
00064;434;0001
00064;437;2222
00064;472;0100
00064;550;0002
00064;590;0001
00064;605;0001
00064;606;0010
00064;674;0010
00064;698;0001
00064;703;0001
00064;722;0010
00064;724;0001
00064;768;0001
00064;814;2222
00064;842;2222
00064;844;0002
00064;882;0001
00064;889;0002
00064;907;0001
00064;944;0001
00064;963;1001
00064;1000;0002
00064;1033;0001
00064;1038;2222
00064;1067;0001
00064;1071;0001
00064;1076;0001
00064;1091;0002
00064;1093;0002
00064;1188;0001
00064;1195;2222
00065;17;0012
00065;20;2121
00065;22;0112
00065;24;2122
00065;64;2222
00065;87;1002
00065;93;0001
00065;132;0001
00065;135;0001
00065;144;2222
00065;148;0102
00065;155;2122
00065;192;2220
00065;194;2222
00065;197;0102
00065;206;1211
00065;211;2222
00065;224;0100
00065;227;0001
00065;238;0001
00065;267;0001
00065;297;0001
00065;322;0001
00065;323;0002
00065;331;0011
00065;341;0012
00065;349;2112
00065;358;1000
00065;368;2112
00065;370;1212
00065;372;2212
00065;383;0001
00065;386;0001
00065;387;2122
00065;388;2122
00065;437;2222
00065;519;0001
00065;539;0100
00065;543;0001
00065;546;0001
00065;550;0002
00065;578;2222
00065;587;0001
00065;597;0002
00065;599;0001
00065;606;1111
00065;611;0001
00065;629;0001
00065;653;0011
00065;674;2122
00065;699;2111
00065;722;1012
00065;736;1121
00065;763;0001
00065;788;0001
00065;803;0001
00065;814;1002
00065;819;0100
00065;821;1010
00065;833;0001
00065;842;2222
00065;882;0001
00065;885;2112
00065;886;2112
00065;889;0001
00065;904;2220
00065;913;0001
00065;963;0001
00065;964;1210
00065;990;0002
00065;1000;0002
00065;1006;1000
00065;1007;1220
00065;1038;2222
00065;1042;0001
00065;1045;1012
00065;1046;2221
00065;1048;0101
00065;1067;1012
00065;1073;2222
00065;1092;0002
00065;1093;0001
00065;1099;1121
00065;1149;0001
00065;1150;0001
00065;1151;1122
00065;1153;0001
00065;1164;0001
00065;1188;0001
00065;1195;1122
00065;1214;0001
00065;1232;0001
00065;1234;0002
00065;1237;2122
00066;1;0001
00066;10;0001
00066;11;0001
00066;13;0001
00066;17;0012
00066;22;0002
00066;63;0100
00066;100;2210
00066;148;0012
00066;155;0001
00066;160;0001
00066;166;0001
00066;187;0100
00066;200;1101
00066;267;0001
00066;322;2222
00066;340;2110
00066;348;2212
00066;350;1012
00066;370;2212
00066;385;0001
00066;427;0001
00066;429;2222
00066;434;2212
00066;446;1000
00066;463;1220
00066;498;1000
00066;558;0011
00066;590;0001
00066;605;0001
00066;607;0010
00066;630;0001
00066;698;1102
00066;722;0002
00066;724;0002
00066;731;0001
00066;736;0002
00066;763;1002
00066;767;0001
00066;771;0010
00066;788;1000
00066;821;1011
00066;837;0100
00066;882;0002
00066;907;1000
00066;912;1000
00066;913;0001
00066;944;1002
00066;969;0100
00066;976;0100
00066;980;0100
00066;990;0002
00066;1004;0100
00066;1098;0001
00066;1104;0001
00066;1109;0001
00066;1134;0001
00066;1155;2120
00066;1192;2222
00066;1194;0011
00066;1195;0001
00066;1214;0010
00066;1226;0001
00067;43;0100
00067;61;0001
00067;148;2212
00067;354;1000
00067;370;1012
00067;472;1220
00067;473;0100
00067;519;0100
00067;724;1001
00067;764;0001
00067;842;0011
00067;910;2120
00067;914;2220
00067;1234;0002
00068;11;0100
00068;64;1000
00068;90;1112
00068;135;0001
00068;195;2220
00068;206;2121
00068;297;0001
00068;327;0001
00068;331;0001
00068;341;1100
00068;349;2212
00068;358;1000
00068;359;0001
00068;370;1000
00068;437;0010
00068;438;1220
00068;543;2222
00068;546;1002
00068;550;0001
00068;607;0001
00068;632;0001
00068;734;1002
00068;819;1000
00068;826;0001
00068;838;0001
00068;882;0001
00068;889;0002
00068;904;1111
00068;913;1000
00068;944;0001
00068;964;2120
00068;969;0001
00068;1000;0001
00068;1003;2222
00068;1040;0001
00068;1046;0002
00068;1048;1100
00068;1093;0002
00068;1099;2120
00068;1134;0100
00068;1149;0010
00068;1150;0010
00068;1164;1110
00068;1172;1000
00068;1234;0001
00069;193;2222
00069;326;0001
00069;327;1001
00069;359;2112
00069;363;2122
00069;370;1112
00069;438;2122
00069;550;0001
00069;703;2222
00069;724;0001
00069;837;0001
00069;907;2222
00069;944;1101
00069;1000;1102
00069;1234;1101
00070;17;0100
00070;327;1001
00070;340;2222
00070;370;1112
00070;438;1122
00070;698;2222
00070;722;0100
00070;804;2222
00070;837;0001
00070;944;1101
00070;952;0100
00070;1000;1102
00070;1009;2222
00070;1032;2222
00070;1104;2222
00070;1232;0001
00070;1234;1102
00071;11;0010
00071;56;1000
00071;148;2222
00071;327;1000
00071;370;0001
00071;547;0001
00072;58;1011
00072;250;1000
00072;323;2220
00072;333;0001
00072;682;2122
00072;683;2120
00072;732;2222
00072;733;0002
00072;837;0001
00072;941;0001
00072;1000;0001
00072;1019;0001
00072;1125;0001
00073;50;2222
00073;224;1122
00073;227;2222
00073;359;2112
00073;370;1111
00073;438;1122
00073;629;2220
00073;630;2222
00073;724;0001
00073;806;2110
00073;843;2222
00073;844;2222
00073;990;0001
00073;1000;0001
00073;1093;0002
00073;1228;0010
00073;1229;0010
00073;1234;0001
00074;148;2220
00074;370;1000
00074;724;1001
00074;910;2122
00074;914;2222
00074;1000;0001
00074;1093;0002
00075;100;1000
00075;241;0102
00075;273;0011
00075;316;2222
00075;348;1010
00075;354;1010
00075;359;2110
00075;370;1112
00075;446;2222
00075;519;1001
00075;587;1010
00075;597;1000
00075;751;0110
00075;757;0010
00075;837;0001
00075;944;1101
00075;1043;1000
00075;1047;1000
00075;1110;1012
00075;1234;0002
00075;1235;0100
00076;329;0001
00076;330;0100
00076;359;0101
00076;370;0110
00076;437;2212
00076;438;1011
00076;606;2222
00076;731;0001
00076;882;0001
00076;889;0001
00076;1007;1012
00076;1023;0001
00076;1039;0001
00076;1048;1010
00076;1080;0001
00076;1134;0001
00076;1188;1222
00077;25;0101
00077;27;2222
00077;31;0010
00077;50;0001
00077;90;1212
00077;128;0012
00077;135;0101
00077;148;0001
00077;168;0001
00077;195;2221
00077;197;0001
00077;224;1122
00077;226;0001
00077;227;1220
00077;267;0001
00077;297;0001
00077;298;0001
00077;321;0010
00077;323;2222
00077;326;0010
00077;327;1212
00077;329;1012
00077;330;0102
00077;333;0001
00077;359;2112
00077;370;1112
00077;428;0001
00077;437;1222
00077;438;1222
00077;542;1010
00077;546;2222
00077;550;0001
00077;551;0001
00077;558;0001
00077;586;0001
00077;592;0110
00077;629;2222
00077;630;2221
00077;663;0001
00077;722;0002
00077;724;0001
00077;729;0001
00077;731;0002
00077;734;2222
00077;735;0002
00077;754;2222
00077;806;1000
00077;826;0001
00077;837;0001
00077;839;0001
00077;843;2122
00077;844;2122
00077;845;0002
00077;879;0001
00077;882;0002
00077;889;0002
00077;912;0001
00077;937;0001
00077;939;1112
00077;941;0001
00077;944;0002
00077;963;1211
00077;990;0002
00077;1006;2222
00077;1012;2222
00077;1023;0001
00077;1034;2222
00077;1035;2222
00077;1040;0001
00077;1080;0001
00077;1092;0002
00077;1093;0002
00077;1134;0001
00077;1138;1122
00077;1149;1112
00077;1150;0112
00077;1152;2122
00077;1153;2122
00077;1188;0001
00077;1220;2222
00077;1232;0001
00077;1234;1102
00078;61;0112
00078;65;0100
00078;82;0001
00078;90;0100
00078;93;0100
00078;135;0010
00078;146;1002
00078;152;0011
00078;159;1122
00078;161;0010
00078;179;0011
00078;184;1000
00078;188;0001
00078;238;0100
00078;253;1211
00078;255;2212
00078;265;0001
00078;282;0002
00078;315;0100
00078;320;2222
00078;321;0100
00078;326;0100
00078;330;0100
00078;333;0100
00078;359;0001
00078;370;1011
00078;373;2212
00078;427;0101
00078;438;0102
00078;451;0001
00078;452;1122
00078;459;1220
00078;460;1000
00078;479;0100
00078;556;0101
00078;648;0010
00078;663;0100
00078;680;2222
00078;686;1111
00078;696;0001
00078;718;0001
00078;722;0001
00078;724;0001
00078;731;0001
00078;734;0001
00078;753;0100
00078;800;0010
00078;802;2221
00078;838;0100
00078;884;0001
00078;889;0001
00078;912;0100
00078;944;0001
00078;945;0100
00078;1010;0011
00078;1015;0001
00078;1019;0100
00078;1021;2222
00078;1042;0002
00078;1065;0100
00078;1069;0001
00078;1071;0012
00078;1078;0002
00078;1081;0011
00078;1086;0002
00078;1089;0002
00078;1090;0002
00078;1091;0112
00078;1093;0002
00078;1111;2222
00078;1112;0100
00078;1118;0001
00078;1179;0111
00078;1180;0111
00078;1181;2222
00078;1227;1010
00078;1234;0101
00079;65;0100
00079;75;1000
00079;123;1121
00079;132;0001
00079;135;0101
00079;146;0002
00079;148;0001
00079;179;1000
00079;184;1000
00079;255;0100
00079;315;0010
00079;320;2220
00079;330;0101
00079;333;0001
00079;359;1011
00079;370;1000
00079;373;1210
00079;384;2210
00079;427;0100
00079;438;1121
00079;452;0100
00079;648;1211
00079;650;2221
00079;663;0100
00079;826;1001
00079;829;0001
00079;838;0100
00079;882;0001
00079;912;0100
00079;923;1210
00079;944;1001
00079;945;2210
00079;1000;0001
00079;1010;1000
00079;1023;0001
00079;1065;0100
00079;1082;2120
00079;1089;0001
00079;1091;0101
00079;1112;2222
00079;1179;1100
00079;1181;2222
00079;1234;1100
00080;61;1000
00080;135;0100
00080;152;0100
00080;159;1100
00080;238;1010
00080;330;0001
00080;333;0101
00080;427;0100
00080;438;0100
00080;451;1000
00080;452;0100
00080;453;0100
00080;458;2122
00080;459;0100
00080;460;2222
00080;612;1000
00080;663;0100
00080;696;2220
00080;722;0001
00080;753;1212
00080;800;1111
00080;884;1000
00080;912;0001
00080;945;1101
00080;1010;1000
00080;1042;1101
00080;1065;0100
00080;1071;0101
00080;1078;2122
00080;1091;0100
00080;1179;0100
00080;1180;0100
00080;1227;2222
00080;1234;1101
00081;31;0010
00081;90;1011
00081;93;0010
00081;132;0001
00081;135;0001
00081;195;0001
00081;253;0010
00081;321;2222
00081;326;1011
00081;359;0001
00081;370;1111
00081;438;1121
00081;542;2120
00081;546;2212
00081;550;0001
00081;551;0001
00081;586;0001
00081;592;0010
00081;729;0001
00081;731;0001
00081;734;2222
00081;941;1001
00081;944;0001
00081;990;0002
00081;1092;2220
00081;1134;0001
00081;1232;0001
00081;1234;0001
00082;25;2222
00082;31;0002
00082;90;2222
00082;93;2222
00082;132;0001
00082;135;2122
00082;148;0001
00082;152;0002
00082;159;1002
00082;189;0001
00082;195;0001
00082;197;0001
00082;238;0001
00082;253;2112
00082;297;0001
00082;321;2222
00082;326;2222
00082;327;1012
00082;330;0001
00082;331;0001
00082;333;0001
00082;359;2112
00082;370;1112
00082;427;0001
00082;438;2222
00082;458;1010
00082;542;2120
00082;543;0012
00082;546;2122
00082;550;0001
00082;551;0001
00082;586;0001
00082;592;0010
00082;722;0001
00082;724;0001
00082;729;0001
00082;731;0001
00082;734;2122
00082;826;1000
00082;837;0001
00082;845;0001
00082;879;0001
00082;882;0001
00082;889;0001
00082;904;0001
00082;912;0001
00082;937;0001
00082;941;0011
00082;944;0101
00082;952;0001
00082;963;2221
00082;990;0001
00082;1000;0001
00082;1003;2220
00082;1040;0001
00082;1078;1000
00082;1092;0001
00082;1150;0001
00082;1188;0001
00082;1227;0001
00082;1232;0001
00082;1234;1102
00083;18;2121
00083;166;2221
00083;187;0001
00083;238;0100
00083;366;0100
00083;370;1011
00083;394;0100
00083;427;0100
00083;430;0001
00083;432;1212
00083;447;1100
00083;463;0001
00083;501;0001
00083;505;0101
00083;517;0001
00083;550;0001
00083;590;0011
00083;609;1000
00083;668;0001
00083;767;0002
00083;905;0001
00083;912;0001
00083;988;0100
00083;989;0100
00083;1074;0100
00083;1077;0101
00083;1091;0100
00083;1102;1120
00083;1143;1220
00083;1170;0100
00083;1171;0100
00083;1203;1212
00084;8;0102
00084;160;2221
00084;333;0100
00084;346;1000
00084;384;1000
00084;555;1000
00084;590;0010
00084;778;0010
00084;837;0001
00084;912;0001
00084;922;1001
00084;952;0100
00084;986;1100
00084;1086;0001
00084;1112;1001
00084;1179;0001
00085;29;1212
00085;58;0112
00085;88;1000
00085;98;0001
00085;179;0002
00085;200;1002
00085;202;1121
00085;250;0100
00085;370;1001
00085;427;0002
00085;432;1000
00085;438;0001
00085;469;0001
00085;475;2120
00085;589;1000
00085;590;0001
00085;724;0001
00085;732;0001
00085;733;0001
00085;888;0001
00085;912;0001
00085;941;0001
00085;969;0001
00085;982;2120
00085;983;0100
00085;1018;2222
00085;1019;0100
00085;1022;0001
00085;1036;0001
00085;1065;0001
00085;1118;2222
00086;8;2221
00086;61;0002
00086;85;0100
00086;110;1211
00086;135;0101
00086;148;1212
00086;152;1002
00086;160;0112
00086;200;0001
00086;238;0110
00086;271;2212
00086;330;0011
00086;346;2111
00086;370;1011
00086;384;1000
00086;427;0001
00086;505;0101
00086;554;2222
00086;555;0001
00086;577;1000
00086;586;0001
00086;590;2211
00086;722;1011
00086;731;0001
00086;763;0101
00086;769;1110
00086;922;0001
00086;944;0101
00086;945;0101
00086;952;0001
00086;983;2110
00086;990;0002
00086;1000;0101
00086;1015;0001
00086;1033;0001
00086;1071;0001
00086;1077;0100
00086;1086;0001
00086;1090;0001
00086;1091;0011
00086;1112;0001
00086;1118;0001
00086;1173;1100
00086;1181;0001
00086;1227;0001
00086;1232;0001
00086;1234;0001
00087;187;2222
00087;223;1001
00087;228;2222
00087;229;2222
00087;333;0101
00087;369;2222
00087;370;1111
00087;382;0100
00087;394;0001
00087;401;1100
00087;432;2122
00087;438;1102
00087;485;0001
00087;513;0101
00087;550;0101
00087;590;1012
00087;631;1001
00087;632;0001
00087;668;0001
00087;722;0001
00087;812;0101
00087;819;1001
00087;833;0001
00087;860;1210
00087;945;0100
00087;990;0001
00087;1005;2222
00087;1007;0100
00087;1015;2221
00087;1025;0100
00087;1032;0100
00087;1060;2120
00087;1071;0101
00087;1134;0101
00087;1163;0001
00087;1169;0001
00087;1180;0001
00087;1234;0001
00088;370;1011
00088;443;0002
00088;457;2222
00088;590;1012
00088;614;2220
00088;668;0001
00088;678;0110
00088;679;0110
00088;702;0100
00088;945;0100
00088;990;0001
00088;1091;1211
00088;1134;0001
00088;1144;0100
00089;79;1210
00089;152;0002
00089;176;2221
00089;177;0110
00089;179;0001
00089;260;2212
00089;265;0002
00089;370;1000
00089;469;2222
00089;479;1000
00089;590;0010
00089;706;1100
00089;778;0100
00089;905;1210
00089;912;1101
00089;1065;0100
00089;1086;0001
00090;7;1222
00090;160;0001
00090;161;0001
00090;176;1222
00090;177;2212
00090;200;1122
00090;260;1012
00090;265;2212
00090;370;1000
00090;451;2122
00090;479;1120
00090;505;0001
00090;589;0001
00090;590;2222
00090;763;0001
00090;778;0110
00090;874;0001
00090;884;2222
00090;912;1212
00090;987;0100
00090;1065;0100
00090;1071;0001
00090;1086;1211
00090;1089;0001
00090;1090;1210
00090;1091;0112
00090;1234;0001
00090;1238;0010
00091;1;0001
00091;3;0002
00091;4;0002
00091;8;0001
00091;9;0001
00091;11;0101
00091;13;0001
00091;15;0102
00091;17;0101
00091;21;0100
00091;29;1211
00091;30;0100
00091;32;0001
00091;33;0001
00091;40;0002
00091;41;0001
00091;45;0001
00091;46;0101
00091;50;0001
00091;56;0001
00091;57;2212
00091;58;1212
00091;59;1211
00091;60;0001
00091;69;2111
00091;78;0001
00091;88;2221
00091;92;0001
00091;94;0001
00091;95;2222
00091;97;2222
00091;98;2211
00091;100;0002
00091;103;1012
00091;105;1012
00091;109;1012
00091;115;1002
00091;116;1012
00091;118;0002
00091;119;1012
00091;121;0001
00091;122;0001
00091;124;0001
00091;128;0001
00091;134;0001
00091;135;0001
00091;139;1211
00091;147;0001
00091;163;0001
00091;166;0001
00091;170;0001
00091;173;0001
00091;174;1211
00091;181;0001
00091;182;2222
00091;183;2220
00091;186;2220
00091;189;0010
00091;199;0102
00091;202;1120
00091;204;1210
00091;211;0100
00091;226;0001
00091;237;0001
00091;240;2220
00091;241;0012
00091;242;0001
00091;243;0001
00091;244;0001
00091;248;0001
00091;250;2122
00091;256;0001
00091;259;0001
00091;261;0001
00091;263;0001
00091;264;0001
00091;265;0001
00091;266;2212
00091;267;2222
00091;268;0100
00091;272;0001
00091;274;0100
00091;275;0001
00091;276;0001
00091;278;0001
00091;279;0001
00091;281;0001
00091;283;0001
00091;286;0001
00091;287;0001
00091;294;2122
00091;297;1001
00091;300;0100
00091;301;0010
00091;314;2210
00091;317;1220
00091;322;2221
00091;331;0001
00091;333;0001
00091;339;1111
00091;348;0002
00091;351;0110
00091;352;0110
00091;353;2122
00091;354;0011
00091;355;0010
00091;359;1011
00091;361;0110
00091;362;2122
00091;364;2220
00091;370;2212
00091;376;2221
00091;381;2221
00091;385;1221
00091;392;0001
00091;395;2121
00091;396;2211
00091;398;0011
00091;405;0001
00091;412;0002
00091;413;2222
00091;416;0100
00091;422;2221
00091;423;1100
00091;426;0001
00091;428;0100
00091;431;0001
00091;434;1002
00091;443;1001
00091;454;0100
00091;455;0100
00091;466;1210
00091;468;2222
00091;473;0001
00091;474;2120
00091;475;2221
00091;478;1120
00091;485;0100
00091;486;0012
00091;489;0100
00091;508;0101
00091;512;0011
00091;538;0001
00091;545;0110
00091;549;0100
00091;550;1212
00091;551;0001
00091;552;2112
00091;553;0001
00091;559;0101
00091;562;0001
00091;579;2110
00091;582;0001
00091;586;0001
00091;594;1211
00091;598;2121
00091;601;0101
00091;603;2012
00091;611;1210
00091;615;2121
00091;626;0001
00091;641;1111
00091;642;0100
00091;643;0001
00091;648;0001
00091;659;0100
00091;667;0001
00091;673;0100
00091;682;2210
00091;683;2210
00091;684;1220
00091;688;0100
00091;690;0101
00091;694;0100
00091;695;1210
00091;700;2222
00091;704;0001
00091;714;0110
00091;719;0001
00091;720;0102
00091;722;2222
00091;724;0101
00091;725;0001
00091;727;0001
00091;728;2222
00091;729;0001
00091;731;0002
00091;732;2222
00091;733;2122
00091;735;0001
00091;751;0002
00091;752;1111
00091;756;2222
00091;759;2122
00091;762;0001
00091;763;2112
00091;764;1102
00091;767;0001
00091;768;0010
00091;770;2222
00091;771;0001
00091;772;0102
00091;773;0001
00091;779;0001
00091;781;2122
00091;782;0001
00091;784;1102
00091;787;2122
00091;788;0001
00091;791;1001
00091;794;1000
00091;796;1220
00091;797;2112
00091;798;1100
00091;799;1110
00091;801;2122
00091;803;2220
00091;808;2122
00091;809;0001
00091;822;2122
00091;833;2112
00091;834;0100
00091;835;0100
00091;836;1010
00091;838;0001
00091;844;0002
00091;854;0001
00091;859;2122
00091;866;0001
00091;867;0001
00091;868;0001
00091;870;2221
00091;872;0102
00091;875;0001
00091;880;0001
00091;882;0001
00091;883;0100
00091;888;1002
00091;893;2122
00091;894;0001
00091;896;0001
00091;897;1000
00091;900;1120
00091;906;0001
00091;913;0001
00091;914;1000
00091;935;0011
00091;941;1001
00091;944;0001
00091;947;0001
00091;965;2122
00091;974;2221
00091;982;1001
00091;985;1122
00091;990;1002
00091;992;0001
00091;993;0001
00091;997;2222
00091;998;2212
00091;1000;2122
00091;1018;2122
00091;1019;0002
00091;1023;0001
00091;1033;0001
00091;1040;0001
00091;1041;0001
00091;1043;0002
00091;1047;0002
00091;1051;0001
00091;1054;0002
00091;1056;0002
00091;1057;0002
00091;1058;0002
00091;1063;0001
00091;1080;0002
00091;1085;0001
00091;1091;0001
00091;1093;0002
00091;1095;2222
00091;1097;2220
00091;1098;1221
00091;1103;1000
00091;1106;0100
00091;1107;0100
00091;1108;0100
00091;1115;0001
00091;1116;0001
00091;1118;2212
00091;1119;0002
00091;1125;1210
00091;1134;0100
00091;1177;2122
00091;1184;2221
00091;1186;0001
00091;1189;2222
00091;1191;0101
00091;1192;0001
00091;1216;2222
00091;1217;2222
00091;1219;2222
00091;1226;2222
00091;1232;0001
00091;1234;1001
00091;1235;0102
00092;17;0001
00092;43;0001
00092;111;0001
00092;130;1000
00092;135;1102
00092;136;0001
00092;148;0002
00092;181;0001
00092;185;1000
00092;189;0001
00092;193;1000
00092;200;0001
00092;213;2111
00092;226;0012
00092;238;1012
00092;258;2222
00092;333;1002
00092;342;0100
00092;354;2110
00092;370;1102
00092;377;1010
00092;392;0001
00092;429;0001
00092;434;0100
00092;446;0001
00092;465;0011
00092;472;2222
00092;473;2221
00092;479;0100
00092;489;1121
00092;492;0001
00092;503;0001
00092;510;0001
00092;514;1010
00092;550;1100
00092;559;0011
00092;586;0002
00092;596;0001
00092;599;2111
00092;607;0001
00092;611;2110
00092;643;0001
00092;653;0001
00092;661;2222
00092;671;1000
00092;687;1000
00092;692;0010
00092;705;2210
00092;722;2222
00092;724;1111
00092;729;0001
00092;731;0002
00092;735;0001
00092;763;1001
00092;764;1001
00092;767;0001
00092;778;1011
00092;783;2122
00092;788;0100
00092;804;0001
00092;806;0001
00092;822;0100
00092;824;0001
00092;826;0010
00092;837;0001
00092;838;0001
00092;839;0001
00092;842;2111
00092;845;0002
00092;856;0001
00092;858;0011
00092;859;0001
00092;879;1122
00092;883;0001
00092;888;0001
00092;889;0001
00092;908;0100
00092;910;1100
00092;914;1210
00092;915;0100
00092;926;0100
00092;930;0101
00092;934;1110
00092;940;0001
00092;941;1001
00092;944;0001
00092;946;0001
00092;952;2222
00092;990;1002
00092;1000;2122
00092;1014;0001
00092;1023;0002
00092;1031;0100
00092;1033;1111
00092;1040;0001
00092;1066;0001
00092;1071;0001
00092;1093;0002
00092;1147;2222
00092;1151;0001
00092;1186;0001
00092;1188;0001
00092;1192;1100
00092;1195;2122
00092;1226;0001
00092;1227;0001
00092;1232;1121
00092;1234;2122
00092;00093;00018
00092;113;2212
00092;145;2222
00092;180;2122
00092;272;2222
00092;422;0001
00092;467;1010
00092;489;0011
00092;550;0001
00092;586;1002
00092;722;0001
00092;724;0001
00092;873;0001
00092;999;0002
00092;1000;0002
00092;1020;0002
00092;1023;0001
00092;1033;0002
00092;1233;0001
00094;78;0011
00094;114;0002
00094;122;0001
00094;123;0001
00094;137;0001
00094;192;0001
00094;209;0011
00094;270;0002
00094;277;0002
00094;282;0001
00094;309;2122
00094;311;2122
00094;322;0001
00094;359;0001
00094;370;1010
00094;400;0001
00094;435;0001
00094;436;0001
00094;440;2222
00094;442;0001
00094;494;2222
00094;498;1212
00094;504;0001
00094;505;0001
00094;533;0001
00094;536;2222
00094;571;0002
00094;742;2222
00094;745;2222
00094;789;1010
00094;955;2122
00094;1016;0002
00094;1091;0002
00094;1092;0002
00094;1121;1122
00094;1143;2122
00094;1156;1121
00094;1158;0001
00094;1197;2122
00094;1199;2122
00094;1200;0001
00094;1204;2222
00094;1223;1121
00095;12;0001
00095;30;2112
00095;43;0100
00095;192;0002
00095;257;1000
00095;322;0100
00095;603;2120
00095;606;2120
00095;1097;0001
00096;9;0001
00096;40;1001
00096;43;0100
00096;75;2212
00096;454;2222
00096;455;2222
00096;520;1001
00096;526;0011
00096;527;0001
00096;673;2222
00096;883;0010
00096;1087;0001
00097;52;0100
00097;68;1000
00097;135;0001
00097;140;0101
00097;190;0001
00097;392;0001
00097;416;1001
00097;538;0001
00097;539;2222
00097;751;2210
00097;757;2222
00098;145;2221
00098;180;2120
00098;270;0001
00098;272;2210
00098;362;0002
00098;467;0010
00098;595;0010
00098;667;0002
00098;728;2222
00098;782;2122
00098;787;1011
00098;985;2110
00098;1018;0100
00098;1019;1000
00098;1118;0101
00099;268;2222
00099;324;2222
00099;449;2122
00099;992;1220
00099;1191;1001
00100;59;0101
00100;183;2222
00100;370;1211
00100;579;2222
00100;803;1100
00100;833;0110
00100;1000;1212
00100;1017;2212
00100;1033;0001
00100;1097;1100
00100;1232;0101
